"filename", "language", "JSON", "JavaScript", "YAML", "XML", "TypeScript", "JSON with Comments", "Docker", "Markdown", "Prisma", "MS SQL", "TypeScript JSX", "PostCSS", "HTML", "comment", "blank", "total"
"c:\Users\user\Desktop\项目：简历到offer\prisma-ai\.lintstagedrc.js", "JavaScript", 0, 5, 0, 0, 0, 0, 0, 0, 0, 0, 0, 0, 0, 3, 2, 10
"c:\Users\user\Desktop\项目：简历到offer\prisma-ai\commitlint.config.js", "JavaScript", 0, 1, 0, 0, 0, 0, 0, 0, 0, 0, 0, 0, 0, 0, 1, 2
"c:\Users\user\Desktop\项目：简历到offer\prisma-ai\compose.cloud.yaml", "YAML", 0, 0, 61, 0, 0, 0, 0, 0, 0, 0, 0, 0, 0, 10, 1, 72
"c:\Users\user\Desktop\项目：简历到offer\prisma-ai\compose.yaml", "YAML", 0, 0, 48, 0, 0, 0, 0, 0, 0, 0, 0, 0, 0, 7, 1, 56
"c:\Users\user\Desktop\项目：简历到offer\prisma-ai\eslint.config.js", "JavaScript", 0, 1, 0, 0, 0, 0, 0, 0, 0, 0, 0, 0, 0, 1, 1, 3
"c:\Users\user\Desktop\项目：简历到offer\prisma-ai\lerna.json", "JSON", 5, 0, 0, 0, 0, 0, 0, 0, 0, 0, 0, 0, 0, 0, 1, 6
"c:\Users\user\Desktop\项目：简历到offer\prisma-ai\package.json", "JSON", 15, 0, 0, 0, 0, 0, 0, 0, 0, 0, 0, 0, 0, 0, 1, 16
"c:\Users\user\Desktop\项目：简历到offer\prisma-ai\packages\backend\.lintstagedrc.js", "JavaScript", 0, 4, 0, 0, 0, 0, 0, 0, 0, 0, 0, 0, 0, 0, 1, 5
"c:\Users\user\Desktop\项目：简历到offer\prisma-ai\packages\backend\.prettierrc", "JSON", 4, 0, 0, 0, 0, 0, 0, 0, 0, 0, 0, 0, 0, 0, 0, 4
"c:\Users\user\Desktop\项目：简历到offer\prisma-ai\packages\backend\Dockerfile", "Docker", 0, 0, 0, 0, 0, 0, 30, 0, 0, 0, 0, 0, 0, 22, 22, 74
"c:\Users\user\Desktop\项目：简历到offer\prisma-ai\packages\backend\README.md", "Markdown", 0, 0, 0, 0, 0, 0, 0, 69, 0, 0, 0, 0, 0, 2, 29, 100
"c:\Users\user\Desktop\项目：简历到offer\prisma-ai\packages\backend\eslint.config.js", "JavaScript", 0, 32, 0, 0, 0, 0, 0, 0, 0, 0, 0, 0, 0, 1, 2, 35
"c:\Users\user\Desktop\项目：简历到offer\prisma-ai\packages\backend\mcp-servers.json", "JSON", 16, 0, 0, 0, 0, 0, 0, 0, 0, 0, 0, 0, 0, 0, 0, 16
"c:\Users\user\Desktop\项目：简历到offer\prisma-ai\packages\backend\nest-cli.json", "JSON", 8, 0, 0, 0, 0, 0, 0, 0, 0, 0, 0, 0, 0, 0, 1, 9
"c:\Users\user\Desktop\项目：简历到offer\prisma-ai\packages\backend\package.json", "JSON", 106, 0, 0, 0, 0, 0, 0, 0, 0, 0, 0, 0, 0, 0, 1, 107
"c:\Users\user\Desktop\项目：简历到offer\prisma-ai\packages\backend\prisma\lookup.prisma", "Prisma", 0, 0, 0, 0, 0, 0, 0, 0, 52, 0, 0, 0, 0, 11, 11, 74
"c:\Users\user\Desktop\项目：简历到offer\prisma-ai\packages\backend\prisma\migrations\20250513140309_init\migration.sql", "MS SQL", 0, 0, 0, 0, 0, 0, 0, 0, 0, 22, 0, 0, 0, 2, 4, 28
"c:\Users\user\Desktop\项目：简历到offer\prisma-ai\packages\backend\prisma\schema.prisma", "Prisma", 0, 0, 0, 0, 0, 0, 0, 0, 20, 0, 0, 0, 0, 5, 4, 29
"c:\Users\user\Desktop\项目：简历到offer\prisma-ai\packages\backend\project.entity.ts", "TypeScript", 0, 0, 0, 0, 7, 0, 0, 0, 0, 0, 0, 0, 0, 0, 3, 10
"c:\Users\user\Desktop\项目：简历到offer\prisma-ai\packages\backend\src\DB\db.module.ts", "TypeScript", 0, 0, 0, 0, 8, 0, 0, 0, 0, 0, 0, 0, 0, 0, 2, 10
"c:\Users\user\Desktop\项目：简历到offer\prisma-ai\packages\backend\src\DB\db.service.ts", "TypeScript", 0, 0, 0, 0, 14, 0, 0, 0, 0, 0, 0, 0, 0, 10, 1, 25
"c:\Users\user\Desktop\项目：简历到offer\prisma-ai\packages\backend\src\EventBus\EventBus.ts", "TypeScript", 0, 0, 0, 0, 89, 0, 0, 0, 0, 0, 0, 0, 0, 54, 12, 155
"c:\Users\user\Desktop\项目：简历到offer\prisma-ai\packages\backend\src\EventBus\event-bus.module.ts", "TypeScript", 0, 0, 0, 0, 12, 0, 0, 0, 0, 0, 0, 0, 0, 0, 2, 14
"c:\Users\user\Desktop\项目：简历到offer\prisma-ai\packages\backend\src\EventBus\event-bus.service.ts", "TypeScript", 0, 0, 0, 0, 64, 0, 0, 0, 0, 0, 0, 0, 0, 45, 9, 118
"c:\Users\user\Desktop\项目：简历到offer\prisma-ai\packages\backend\src\agent\agent.module.ts", "TypeScript", 0, 0, 0, 0, 10, 0, 0, 0, 0, 0, 0, 0, 0, 0, 2, 12
"c:\Users\user\Desktop\项目：简历到offer\prisma-ai\packages\backend\src\agent\agent.service.ts", "TypeScript", 0, 0, 0, 0, 68, 0, 0, 0, 0, 0, 0, 0, 0, 35, 7, 110
"c:\Users\user\Desktop\项目：简历到offer\prisma-ai\packages\backend\src\agent\jsonSchemaToZod.ts", "TypeScript", 0, 0, 0, 0, 69, 0, 0, 0, 0, 0, 0, 0, 0, 15, 22, 106
"c:\Users\user\Desktop\项目：简历到offer\prisma-ai\packages\backend\src\app.module.ts", "TypeScript", 0, 0, 0, 0, 58, 0, 0, 0, 0, 0, 0, 0, 0, 1, 2, 61
"c:\Users\user\Desktop\项目：简历到offer\prisma-ai\packages\backend\src\business\job\crawl.service.ts", "TypeScript", 0, 0, 0, 0, 70, 0, 0, 0, 0, 0, 0, 0, 0, 7, 12, 89
"c:\Users\user\Desktop\项目：简历到offer\prisma-ai\packages\backend\src\business\job\dto\create-job.dto.ts", "TypeScript", 0, 0, 0, 0, 21, 0, 0, 0, 0, 0, 0, 0, 0, 0, 7, 28
"c:\Users\user\Desktop\项目：简历到offer\prisma-ai\packages\backend\src\business\job\dto\update-job.dto.ts", "TypeScript", 0, 0, 0, 0, 3, 0, 0, 0, 0, 0, 0, 0, 0, 0, 2, 5
"c:\Users\user\Desktop\项目：简历到offer\prisma-ai\packages\backend\src\business\job\entities\job.entity.ts", "TypeScript", 0, 0, 0, 0, 68, 0, 0, 0, 0, 0, 0, 0, 0, 0, 13, 81
"c:\Users\user\Desktop\项目：简历到offer\prisma-ai\packages\backend\src\business\job\job.controller.ts", "TypeScript", 0, 0, 0, 0, 58, 0, 0, 0, 0, 0, 0, 0, 0, 0, 7, 65
"c:\Users\user\Desktop\项目：简历到offer\prisma-ai\packages\backend\src\business\job\job.module.ts", "TypeScript", 0, 0, 0, 0, 13, 0, 0, 0, 0, 0, 0, 0, 0, 0, 2, 15
"c:\Users\user\Desktop\项目：简历到offer\prisma-ai\packages\backend\src\business\job\job.service.ts", "TypeScript", 0, 0, 0, 0, 75, 0, 0, 0, 0, 0, 0, 0, 0, 1, 9, 85
"c:\Users\user\Desktop\项目：简历到offer\prisma-ai\packages\backend\src\business\project\dto\project.dto.ts", "TypeScript", 0, 0, 0, 0, 3, 0, 0, 0, 0, 0, 0, 0, 0, 1, 1, 5
"c:\Users\user\Desktop\项目：简历到offer\prisma-ai\packages\backend\src\business\project\dto\projectMined.dto.ts", "TypeScript", 0, 0, 0, 0, 3, 0, 0, 0, 0, 0, 0, 0, 0, 0, 1, 4
"c:\Users\user\Desktop\项目：简历到offer\prisma-ai\packages\backend\src\business\project\dto\projectPolished.dto.ts", "TypeScript", 0, 0, 0, 0, 3, 0, 0, 0, 0, 0, 0, 0, 0, 0, 1, 4
"c:\Users\user\Desktop\项目：简历到offer\prisma-ai\packages\backend\src\business\project\entities\lookupResult.entity.ts", "TypeScript", 0, 0, 0, 0, 32, 0, 0, 0, 0, 0, 0, 0, 0, 0, 11, 43
"c:\Users\user\Desktop\项目：简历到offer\prisma-ai\packages\backend\src\business\project\entities\project.entity.ts", "TypeScript", 0, 0, 0, 0, 78, 0, 0, 0, 0, 0, 0, 0, 0, 1, 23, 102
"c:\Users\user\Desktop\项目：简历到offer\prisma-ai\packages\backend\src\business\project\entities\projectMined.entity.ts", "TypeScript", 0, 0, 0, 0, 45, 0, 0, 0, 0, 0, 0, 0, 0, 0, 16, 61
"c:\Users\user\Desktop\项目：简历到offer\prisma-ai\packages\backend\src\business\project\entities\projectPolished.entity.ts", "TypeScript", 0, 0, 0, 0, 50, 0, 0, 0, 0, 0, 0, 0, 0, 0, 17, 67
"c:\Users\user\Desktop\项目：简历到offer\prisma-ai\packages\backend\src\business\project\project.controller.ts", "TypeScript", 0, 0, 0, 0, 56, 0, 0, 0, 0, 0, 0, 0, 0, 24, 9, 89
"c:\Users\user\Desktop\项目：简历到offer\prisma-ai\packages\backend\src\business\project\project.module.ts", "TypeScript", 0, 0, 0, 0, 29, 0, 0, 0, 0, 0, 0, 0, 0, 1, 1, 31
"c:\Users\user\Desktop\项目：简历到offer\prisma-ai\packages\backend\src\business\project\project.service.ts", "TypeScript", 0, 0, 0, 0, 270, 0, 0, 0, 0, 0, 0, 0, 0, 62, 29, 361
"c:\Users\user\Desktop\项目：简历到offer\prisma-ai\packages\backend\src\business\resume\dto\create-resume.dto.ts", "TypeScript", 0, 0, 0, 0, 13, 0, 0, 0, 0, 0, 0, 0, 0, 0, 4, 17
"c:\Users\user\Desktop\项目：简历到offer\prisma-ai\packages\backend\src\business\resume\dto\update-resume.dto.ts", "TypeScript", 0, 0, 0, 0, 3, 0, 0, 0, 0, 0, 0, 0, 0, 0, 2, 5
"c:\Users\user\Desktop\项目：简历到offer\prisma-ai\packages\backend\src\business\resume\entities\resume.entity.ts", "TypeScript", 0, 0, 0, 0, 26, 0, 0, 0, 0, 0, 0, 0, 0, 0, 8, 34
"c:\Users\user\Desktop\项目：简历到offer\prisma-ai\packages\backend\src\business\resume\resume.controller.ts", "TypeScript", 0, 0, 0, 0, 58, 0, 0, 0, 0, 0, 0, 0, 0, 0, 7, 65
"c:\Users\user\Desktop\项目：简历到offer\prisma-ai\packages\backend\src\business\resume\resume.module.ts", "TypeScript", 0, 0, 0, 0, 18, 0, 0, 0, 0, 0, 0, 0, 0, 0, 2, 20
"c:\Users\user\Desktop\项目：简历到offer\prisma-ai\packages\backend\src\business\resume\resume.service.ts", "TypeScript", 0, 0, 0, 0, 129, 0, 0, 0, 0, 0, 0, 0, 0, 1, 20, 150
"c:\Users\user\Desktop\项目：简历到offer\prisma-ai\packages\backend\src\business\skill\dto\create-skill.dto.ts", "TypeScript", 0, 0, 0, 0, 4, 0, 0, 0, 0, 0, 0, 0, 0, 0, 2, 6
"c:\Users\user\Desktop\项目：简历到offer\prisma-ai\packages\backend\src\business\skill\dto\update-skill.dto.ts", "TypeScript", 0, 0, 0, 0, 3, 0, 0, 0, 0, 0, 0, 0, 0, 0, 2, 5
"c:\Users\user\Desktop\项目：简历到offer\prisma-ai\packages\backend\src\business\skill\entities\skill.entity.ts", "TypeScript", 0, 0, 0, 0, 27, 0, 0, 0, 0, 0, 0, 0, 0, 0, 8, 35
"c:\Users\user\Desktop\项目：简历到offer\prisma-ai\packages\backend\src\business\skill\skill.controller.ts", "TypeScript", 0, 0, 0, 0, 39, 0, 0, 0, 0, 0, 0, 0, 0, 1, 7, 47
"c:\Users\user\Desktop\项目：简历到offer\prisma-ai\packages\backend\src\business\skill\skill.module.ts", "TypeScript", 0, 0, 0, 0, 12, 0, 0, 0, 0, 0, 0, 0, 0, 0, 2, 14
"c:\Users\user\Desktop\项目：简历到offer\prisma-ai\packages\backend\src\business\skill\skill.service.ts", "TypeScript", 0, 0, 0, 0, 57, 0, 0, 0, 0, 0, 0, 0, 0, 0, 8, 65
"c:\Users\user\Desktop\项目：简历到offer\prisma-ai\packages\backend\src\chain\chain.module.ts", "TypeScript", 0, 0, 0, 0, 13, 0, 0, 0, 0, 0, 0, 0, 0, 0, 2, 15
"c:\Users\user\Desktop\项目：简历到offer\prisma-ai\packages\backend\src\chain\chain.service.ts", "TypeScript", 0, 0, 0, 0, 340, 0, 0, 0, 0, 0, 0, 0, 0, 40, 26, 406
"c:\Users\user\Desktop\项目：简历到offer\prisma-ai\packages\backend\src\copilot\copilot.module.ts", "TypeScript", 0, 0, 0, 0, 10, 0, 0, 0, 0, 0, 0, 0, 0, 0, 2, 12
"c:\Users\user\Desktop\项目：简历到offer\prisma-ai\packages\backend\src\copilot\copilotkit.controller.ts", "TypeScript", 0, 0, 0, 0, 24, 0, 0, 0, 0, 0, 0, 0, 0, 2, 3, 29
"c:\Users\user\Desktop\项目：简历到offer\prisma-ai\packages\backend\src\dataFormat.interceptor.ts", "TypeScript", 0, 0, 0, 0, 19, 0, 0, 0, 0, 0, 0, 0, 0, 1, 2, 22
"c:\Users\user\Desktop\项目：简历到offer\prisma-ai\packages\backend\src\decorator.ts", "TypeScript", 0, 0, 0, 0, 14, 0, 0, 0, 0, 0, 0, 0, 0, 2, 3, 19
"c:\Users\user\Desktop\项目：简历到offer\prisma-ai\packages\backend\src\email\email.module.ts", "TypeScript", 0, 0, 0, 0, 8, 0, 0, 0, 0, 0, 0, 0, 0, 0, 2, 10
"c:\Users\user\Desktop\项目：简历到offer\prisma-ai\packages\backend\src\email\email.service.ts", "TypeScript", 0, 0, 0, 0, 29, 0, 0, 0, 0, 0, 0, 0, 0, 0, 3, 32
"c:\Users\user\Desktop\项目：简历到offer\prisma-ai\packages\backend\src\errorHandle.filter.ts", "TypeScript", 0, 0, 0, 0, 34, 0, 0, 0, 0, 0, 0, 0, 0, 5, 6, 45
"c:\Users\user\Desktop\项目：简历到offer\prisma-ai\packages\backend\src\graph\DiyStateGraph.ts", "TypeScript", 0, 0, 0, 0, 118, 0, 0, 0, 0, 0, 0, 0, 0, 87, 19, 224
"c:\Users\user\Desktop\项目：简历到offer\prisma-ai\packages\backend\src\graph\SimpleStateGraph.ts", "TypeScript", 0, 0, 0, 0, 169, 0, 0, 0, 0, 0, 0, 0, 0, 150, 32, 351
"c:\Users\user\Desktop\项目：简历到offer\prisma-ai\packages\backend\src\graph\graph.module.ts", "TypeScript", 0, 0, 0, 0, 16, 0, 0, 0, 0, 0, 0, 0, 0, 0, 1, 17
"c:\Users\user\Desktop\项目：简历到offer\prisma-ai\packages\backend\src\graph\graph.service.ts", "TypeScript", 0, 0, 0, 0, 31, 0, 0, 0, 0, 0, 0, 0, 0, 16, 5, 52
"c:\Users\user\Desktop\项目：简历到offer\prisma-ai\packages\backend\src\isLogin.guard.ts", "TypeScript", 0, 0, 0, 0, 63, 0, 0, 0, 0, 0, 0, 0, 0, 5, 4, 72
"c:\Users\user\Desktop\项目：简历到offer\prisma-ai\packages\backend\src\main.ts", "TypeScript", 0, 0, 0, 0, 17, 0, 0, 0, 0, 0, 0, 0, 0, 4, 3, 24
"c:\Users\user\Desktop\项目：简历到offer\prisma-ai\packages\backend\src\mcp-client\mcp-client.module.ts", "TypeScript", 0, 0, 0, 0, 8, 0, 0, 0, 0, 0, 0, 0, 0, 0, 2, 10
"c:\Users\user\Desktop\项目：简历到offer\prisma-ai\packages\backend\src\mcp-client\mcp-client.service.ts", "TypeScript", 0, 0, 0, 0, 186, 0, 0, 0, 0, 0, 0, 0, 0, 56, 18, 260
"c:\Users\user\Desktop\项目：简历到offer\prisma-ai\packages\backend\src\mcp-client\mcp.d.ts", "TypeScript", 0, 0, 0, 0, 8, 0, 0, 0, 0, 0, 0, 0, 0, 23, 4, 35
"c:\Users\user\Desktop\项目：简历到offer\prisma-ai\packages\backend\src\mcp-client\mcp.type.ts", "TypeScript", 0, 0, 0, 0, 43, 0, 0, 0, 0, 0, 0, 0, 0, 6, 6, 55
"c:\Users\user\Desktop\项目：简历到offer\prisma-ai\packages\backend\src\mcp-client\schemaPatch.util.ts", "TypeScript", 0, 0, 0, 0, 38, 0, 0, 0, 0, 0, 0, 0, 0, 78, 5, 121
"c:\Users\user\Desktop\项目：简历到offer\prisma-ai\packages\backend\src\model\HAModelClient\HAModelClient.module.ts", "TypeScript", 0, 0, 0, 0, 27, 0, 0, 0, 0, 0, 0, 0, 0, 2, 1, 30
"c:\Users\user\Desktop\项目：简历到offer\prisma-ai\packages\backend\src\model\HAModelClient\services\HAModelClient.service.ts", "TypeScript", 0, 0, 0, 0, 82, 0, 0, 0, 0, 0, 0, 0, 0, 89, 8, 179
"c:\Users\user\Desktop\项目：简历到offer\prisma-ai\packages\backend\src\model\HAModelClient\services\circuit-breaker.service.ts", "TypeScript", 0, 0, 0, 0, 35, 0, 0, 0, 0, 0, 0, 0, 0, 2, 6, 43
"c:\Users\user\Desktop\项目：简历到offer\prisma-ai\packages\backend\src\model\HAModelClient\services\rate-limiter.service.ts", "TypeScript", 0, 0, 0, 0, 36, 0, 0, 0, 0, 0, 0, 0, 0, 1, 8, 45
"c:\Users\user\Desktop\项目：简历到offer\prisma-ai\packages\backend\src\model\HAModelClient\services\request-queue.service.ts", "TypeScript", 0, 0, 0, 0, 48, 0, 0, 0, 0, 0, 0, 0, 0, 4, 10, 62
"c:\Users\user\Desktop\项目：简历到offer\prisma-ai\packages\backend\src\model\HAModelClient\services\retry.service.ts", "TypeScript", 0, 0, 0, 0, 40, 0, 0, 0, 0, 0, 0, 0, 0, 5, 8, 53
"c:\Users\user\Desktop\项目：简历到offer\prisma-ai\packages\backend\src\model\chat_history.service.ts", "TypeScript", 0, 0, 0, 0, 83, 0, 0, 0, 0, 0, 0, 0, 0, 11, 9, 103
"c:\Users\user\Desktop\项目：简历到offer\prisma-ai\packages\backend\src\model\model.module.ts", "TypeScript", 0, 0, 0, 0, 13, 0, 0, 0, 0, 0, 0, 0, 0, 3, 2, 18
"c:\Users\user\Desktop\项目：简历到offer\prisma-ai\packages\backend\src\model\model.service.ts", "TypeScript", 0, 0, 0, 0, 133, 0, 0, 0, 0, 0, 0, 0, 0, 89, 15, 237
"c:\Users\user\Desktop\项目：简历到offer\prisma-ai\packages\backend\src\model\model.types.ts", "TypeScript", 0, 0, 0, 0, 13, 0, 0, 0, 0, 0, 0, 0, 0, 1, 5, 19
"c:\Users\user\Desktop\项目：简历到offer\prisma-ai\packages\backend\src\prompt\prompt.module.ts", "TypeScript", 0, 0, 0, 0, 8, 0, 0, 0, 0, 0, 0, 0, 0, 0, 2, 10
"c:\Users\user\Desktop\项目：简历到offer\prisma-ai\packages\backend\src\prompt\prompt.service.ts", "TypeScript", 0, 0, 0, 0, 53, 0, 0, 0, 0, 0, 0, 0, 0, 15, 9, 77
"c:\Users\user\Desktop\项目：简历到offer\prisma-ai\packages\backend\src\rag\Rag.controller.ts", "TypeScript", 0, 0, 0, 0, 15, 0, 0, 0, 0, 0, 0, 0, 0, 0, 3, 18
"c:\Users\user\Desktop\项目：简历到offer\prisma-ai\packages\backend\src\rag\Rag.module.ts", "TypeScript", 0, 0, 0, 0, 13, 0, 0, 0, 0, 0, 0, 0, 0, 0, 3, 16
"c:\Users\user\Desktop\项目：简历到offer\prisma-ai\packages\backend\src\rag\Rag.service.ts", "TypeScript", 0, 0, 0, 0, 86, 0, 0, 0, 0, 0, 0, 0, 0, 9, 8, 103
"c:\Users\user\Desktop\项目：简历到offer\prisma-ai\packages\backend\src\redis\redis.module.ts", "TypeScript", 0, 0, 0, 0, 35, 0, 0, 0, 0, 0, 0, 0, 0, 0, 1, 36
"c:\Users\user\Desktop\项目：简历到offer\prisma-ai\packages\backend\src\redis\redis.service.ts", "TypeScript", 0, 0, 0, 0, 31, 0, 0, 0, 0, 0, 0, 0, 0, 3, 9, 43
"c:\Users\user\Desktop\项目：简历到offer\prisma-ai\packages\backend\src\session\session-pool.controller.ts", "TypeScript", 0, 0, 0, 0, 61, 0, 0, 0, 0, 0, 0, 0, 0, 36, 9, 106
"c:\Users\user\Desktop\项目：简历到offer\prisma-ai\packages\backend\src\session\session-pool.module.ts", "TypeScript", 0, 0, 0, 0, 12, 0, 0, 0, 0, 0, 0, 0, 0, 0, 2, 14
"c:\Users\user\Desktop\项目：简历到offer\prisma-ai\packages\backend\src\session\session-pool.service.ts", "TypeScript", 0, 0, 0, 0, 89, 0, 0, 0, 0, 0, 0, 0, 0, 23, 19, 131
"c:\Users\user\Desktop\项目：简历到offer\prisma-ai\packages\backend\src\sse\LLMCache.service.ts", "TypeScript", 0, 0, 0, 0, 184, 0, 0, 0, 0, 0, 0, 0, 0, 29, 38, 251
"c:\Users\user\Desktop\项目：简历到offer\prisma-ai\packages\backend\src\sse\entities\llm-chat.ts", "TypeScript", 0, 0, 0, 0, 16, 0, 0, 0, 0, 0, 0, 0, 0, 7, 5, 28
"c:\Users\user\Desktop\项目：简历到offer\prisma-ai\packages\backend\src\sse\sse.controller.ts", "TypeScript", 0, 0, 0, 0, 146, 0, 0, 0, 0, 0, 0, 0, 0, 28, 10, 184
"c:\Users\user\Desktop\项目：简历到offer\prisma-ai\packages\backend\src\sse\sse.module.ts", "TypeScript", 0, 0, 0, 0, 23, 0, 0, 0, 0, 0, 0, 0, 0, 0, 1, 24
"c:\Users\user\Desktop\项目：简历到offer\prisma-ai\packages\backend\src\sse\sse.service.ts", "TypeScript", 0, 0, 0, 0, 190, 0, 0, 0, 0, 0, 0, 0, 0, 89, 28, 307
"c:\Users\user\Desktop\项目：简历到offer\prisma-ai\packages\backend\src\task-queue\task-queue.module.ts", "TypeScript", 0, 0, 0, 0, 10, 0, 0, 0, 0, 0, 0, 0, 0, 0, 2, 12
"c:\Users\user\Desktop\项目：简历到offer\prisma-ai\packages\backend\src\task-queue\task-queue.service.ts", "TypeScript", 0, 0, 0, 0, 251, 0, 0, 0, 0, 0, 0, 0, 0, 111, 54, 416
"c:\Users\user\Desktop\项目：简历到offer\prisma-ai\packages\backend\src\user\dto\login-user.dto.ts", "TypeScript", 0, 0, 0, 0, 3, 0, 0, 0, 0, 0, 0, 0, 0, 0, 2, 5
"c:\Users\user\Desktop\项目：简历到offer\prisma-ai\packages\backend\src\user\dto\register-user.dto.ts", "TypeScript", 0, 0, 0, 0, 3, 0, 0, 0, 0, 0, 0, 0, 0, 0, 2, 5
"c:\Users\user\Desktop\项目：简历到offer\prisma-ai\packages\backend\src\user\user.controller.ts", "TypeScript", 0, 0, 0, 0, 40, 0, 0, 0, 0, 0, 0, 0, 0, 1, 6, 47
"c:\Users\user\Desktop\项目：简历到offer\prisma-ai\packages\backend\src\user\user.module.ts", "TypeScript", 0, 0, 0, 0, 24, 0, 0, 0, 0, 0, 0, 0, 0, 0, 2, 26
"c:\Users\user\Desktop\项目：简历到offer\prisma-ai\packages\backend\src\user\user.service.ts", "TypeScript", 0, 0, 0, 0, 108, 0, 0, 0, 0, 0, 0, 0, 0, 1, 14, 123
"c:\Users\user\Desktop\项目：简历到offer\prisma-ai\packages\backend\src\utils\log.utils.ts", "TypeScript", 0, 0, 0, 0, 45, 0, 0, 0, 0, 0, 0, 0, 0, 1, 13, 59
"c:\Users\user\Desktop\项目：简历到offer\prisma-ai\packages\backend\src\utils\passwordEncrypt.ts", "TypeScript", 0, 0, 0, 0, 19, 0, 0, 0, 0, 0, 0, 0, 0, 8, 2, 29
"c:\Users\user\Desktop\项目：简历到offer\prisma-ai\packages\backend\src\utils\type.ts", "TypeScript", 0, 0, 0, 0, 8, 0, 0, 0, 0, 0, 0, 0, 0, 8, 1, 17
"c:\Users\user\Desktop\项目：简历到offer\prisma-ai\packages\backend\src\vector-store\vector-store.module.ts", "TypeScript", 0, 0, 0, 0, 10, 0, 0, 0, 0, 0, 0, 0, 0, 1, 1, 12
"c:\Users\user\Desktop\项目：简历到offer\prisma-ai\packages\backend\src\vector-store\vector-store.service.ts", "TypeScript", 0, 0, 0, 0, 120, 0, 0, 0, 0, 0, 0, 0, 0, 46, 19, 185
"c:\Users\user\Desktop\项目：简历到offer\prisma-ai\packages\backend\tsconfig.build.json", "JSON", 4, 0, 0, 0, 0, 0, 0, 0, 0, 0, 0, 0, 0, 0, 1, 5
"c:\Users\user\Desktop\项目：简历到offer\prisma-ai\packages\backend\tsconfig.json", "JSON with Comments", 0, 0, 0, 0, 0, 21, 0, 0, 0, 0, 0, 0, 0, 0, 1, 22
"c:\Users\user\Desktop\项目：简历到offer\prisma-ai\packages\frontend\.lintstagedrc.js", "JavaScript", 0, 4, 0, 0, 0, 0, 0, 0, 0, 0, 0, 0, 0, 0, 1, 5
"c:\Users\user\Desktop\项目：简历到offer\prisma-ai\packages\frontend\README.md", "Markdown", 0, 0, 0, 0, 0, 0, 0, 45, 0, 0, 0, 0, 0, 0, 10, 55
"c:\Users\user\Desktop\项目：简历到offer\prisma-ai\packages\frontend\components.json", "JSON", 21, 0, 0, 0, 0, 0, 0, 0, 0, 0, 0, 0, 0, 0, 0, 21
"c:\Users\user\Desktop\项目：简历到offer\prisma-ai\packages\frontend\eslint.config.js", "JavaScript", 0, 27, 0, 0, 0, 0, 0, 0, 0, 0, 0, 0, 0, 0, 2, 29
"c:\Users\user\Desktop\项目：简历到offer\prisma-ai\packages\frontend\index.html", "HTML", 0, 0, 0, 0, 0, 0, 0, 0, 0, 0, 0, 0, 21, 0, 2, 23
"c:\Users\user\Desktop\项目：简历到offer\prisma-ai\packages\frontend\package.json", "JSON", 97, 0, 0, 0, 0, 0, 0, 0, 0, 0, 0, 0, 0, 0, 1, 98
"c:\Users\user\Desktop\项目：简历到offer\prisma-ai\packages\frontend\public\vite.svg", "XML", 0, 0, 0, 1, 0, 0, 0, 0, 0, 0, 0, 0, 0, 0, 0, 1
"c:\Users\user\Desktop\项目：简历到offer\prisma-ai\packages\frontend\src\App.style.ts", "TypeScript", 0, 0, 0, 0, 9, 0, 0, 0, 0, 0, 0, 0, 0, 0, 2, 11
"c:\Users\user\Desktop\项目：简历到offer\prisma-ai\packages\frontend\src\App.tsx", "TypeScript JSX", 0, 0, 0, 0, 0, 0, 0, 0, 0, 0, 62, 0, 0, 2, 4, 68
"c:\Users\user\Desktop\项目：简历到offer\prisma-ai\packages\frontend\src\assets\react.svg", "XML", 0, 0, 0, 1, 0, 0, 0, 0, 0, 0, 0, 0, 0, 0, 0, 1
"c:\Users\user\Desktop\项目：简历到offer\prisma-ai\packages\frontend\src\assets\theme\index.ts", "TypeScript", 0, 0, 0, 0, 12, 0, 0, 0, 0, 0, 0, 0, 0, 1, 1, 14
"c:\Users\user\Desktop\项目：简历到offer\prisma-ai\packages\frontend\src\components\Prism.tsx", "TypeScript JSX", 0, 0, 0, 0, 0, 0, 0, 0, 0, 0, 169, 0, 0, 32, 14, 215
"c:\Users\user\Desktop\项目：简历到offer\prisma-ai\packages\frontend\src\components\Wall.tsx", "TypeScript JSX", 0, 0, 0, 0, 0, 0, 0, 0, 0, 0, 93, 0, 0, 16, 7, 116
"c:\Users\user\Desktop\项目：简历到offer\prisma-ai\packages\frontend\src\components\magicui\animated-circular-progress-bar.tsx", "TypeScript JSX", 0, 0, 0, 0, 0, 0, 0, 0, 0, 0, 105, 0, 0, 0, 4, 109
"c:\Users\user\Desktop\项目：简历到offer\prisma-ai\packages\frontend\src\components\magicui\animated-list.tsx", "TypeScript JSX", 0, 0, 0, 0, 0, 0, 0, 0, 0, 0, 49, 0, 0, 0, 11, 60
"c:\Users\user\Desktop\项目：简历到offer\prisma-ai\packages\frontend\src\components\magicui\bento-grid.tsx", "TypeScript JSX", 0, 0, 0, 0, 0, 0, 0, 0, 0, 0, 66, 0, 0, 2, 8, 76
"c:\Users\user\Desktop\项目：简历到offer\prisma-ai\packages\frontend\src\components\shared-editor\SheardEditor.tsx", "TypeScript JSX", 0, 0, 0, 0, 0, 0, 0, 0, 0, 0, 26, 0, 0, 8, 5, 39
"c:\Users\user\Desktop\项目：简历到offer\prisma-ai\packages\frontend\src\components\shared-editor\create-editor.ts", "TypeScript", 0, 0, 0, 0, 166, 0, 0, 0, 0, 0, 0, 0, 0, 24, 31, 221
"c:\Users\user\Desktop\项目：简历到offer\prisma-ai\packages\frontend\src\components\shared-editor\style.ts", "TypeScript", 0, 0, 0, 0, 97, 0, 0, 0, 0, 0, 0, 0, 0, 0, 2, 99
"c:\Users\user\Desktop\项目：简历到offer\prisma-ai\packages\frontend\src\components\ui\avatar.tsx", "TypeScript JSX", 0, 0, 0, 0, 0, 0, 0, 0, 0, 0, 46, 0, 0, 0, 6, 52
"c:\Users\user\Desktop\项目：简历到offer\prisma-ai\packages\frontend\src\components\ui\badge.tsx", "TypeScript JSX", 0, 0, 0, 0, 0, 0, 0, 0, 0, 0, 34, 0, 0, 0, 5, 39
"c:\Users\user\Desktop\项目：简历到offer\prisma-ai\packages\frontend\src\components\ui\breadcrumb.tsx", "TypeScript JSX", 0, 0, 0, 0, 0, 0, 0, 0, 0, 0, 92, 0, 0, 0, 11, 103
"c:\Users\user\Desktop\项目：简历到offer\prisma-ai\packages\frontend\src\components\ui\button.tsx", "TypeScript JSX", 0, 0, 0, 0, 0, 0, 0, 0, 0, 0, 51, 0, 0, 0, 5, 56
"c:\Users\user\Desktop\项目：简历到offer\prisma-ai\packages\frontend\src\components\ui\card.tsx", "TypeScript JSX", 0, 0, 0, 0, 0, 0, 0, 0, 0, 0, 66, 0, 0, 0, 10, 76
"c:\Users\user\Desktop\项目：简历到offer\prisma-ai\packages\frontend\src\components\ui\checkbox.tsx", "TypeScript JSX", 0, 0, 0, 0, 0, 0, 0, 0, 0, 0, 27, 0, 0, 0, 4, 31
"c:\Users\user\Desktop\项目：简历到offer\prisma-ai\packages\frontend\src\components\ui\collapsible.tsx", "TypeScript JSX", 0, 0, 0, 0, 0, 0, 0, 0, 0, 0, 27, 0, 0, 0, 5, 32
"c:\Users\user\Desktop\项目：简历到offer\prisma-ai\packages\frontend\src\components\ui\command.tsx", "TypeScript JSX", 0, 0, 0, 0, 0, 0, 0, 0, 0, 0, 164, 0, 0, 0, 12, 176
"c:\Users\user\Desktop\项目：简历到offer\prisma-ai\packages\frontend\src\components\ui\dialog.tsx", "TypeScript JSX", 0, 0, 0, 0, 0, 0, 0, 0, 0, 0, 122, 0, 0, 0, 14, 136
"c:\Users\user\Desktop\项目：简历到offer\prisma-ai\packages\frontend\src\components\ui\dropdown-menu.tsx", "TypeScript JSX", 0, 0, 0, 0, 0, 0, 0, 0, 0, 0, 209, 0, 0, 0, 18, 227
"c:\Users\user\Desktop\项目：简历到offer\prisma-ai\packages\frontend\src\components\ui\form.tsx", "TypeScript JSX", 0, 0, 0, 0, 0, 0, 0, 0, 0, 0, 127, 0, 0, 0, 24, 151
"c:\Users\user\Desktop\项目：简历到offer\prisma-ai\packages\frontend\src\components\ui\input.tsx", "TypeScript JSX", 0, 0, 0, 0, 0, 0, 0, 0, 0, 0, 18, 0, 0, 0, 4, 22
"c:\Users\user\Desktop\项目：简历到offer\prisma-ai\packages\frontend\src\components\ui\label.tsx", "TypeScript JSX", 0, 0, 0, 0, 0, 0, 0, 0, 0, 0, 17, 0, 0, 0, 5, 22
"c:\Users\user\Desktop\项目：简历到offer\prisma-ai\packages\frontend\src\components\ui\popover.tsx", "TypeScript JSX", 0, 0, 0, 0, 0, 0, 0, 0, 0, 0, 34, 0, 0, 0, 6, 40
"c:\Users\user\Desktop\项目：简历到offer\prisma-ai\packages\frontend\src\components\ui\select.tsx", "TypeScript JSX", 0, 0, 0, 0, 0, 0, 0, 0, 0, 0, 171, 0, 0, 0, 13, 184
"c:\Users\user\Desktop\项目：简历到offer\prisma-ai\packages\frontend\src\components\ui\separator.tsx", "TypeScript JSX", 0, 0, 0, 0, 0, 0, 0, 0, 0, 0, 24, 0, 0, 0, 5, 29
"c:\Users\user\Desktop\项目：简历到offer\prisma-ai\packages\frontend\src\components\ui\sheet.tsx", "TypeScript JSX", 0, 0, 0, 0, 0, 0, 0, 0, 0, 0, 116, 0, 0, 0, 13, 129
"c:\Users\user\Desktop\项目：简历到offer\prisma-ai\packages\frontend\src\components\ui\sidebar.tsx", "TypeScript JSX", 0, 0, 0, 0, 0, 0, 0, 0, 0, 0, 627, 0, 0, 12, 54, 693
"c:\Users\user\Desktop\项目：简历到offer\prisma-ai\packages\frontend\src\components\ui\skeleton.tsx", "TypeScript JSX", 0, 0, 0, 0, 0, 0, 0, 0, 0, 0, 11, 0, 0, 0, 3, 14
"c:\Users\user\Desktop\项目：简历到offer\prisma-ai\packages\frontend\src\components\ui\table.tsx", "TypeScript JSX", 0, 0, 0, 0, 0, 0, 0, 0, 0, 0, 104, 0, 0, 0, 11, 115
"c:\Users\user\Desktop\项目：简历到offer\prisma-ai\packages\frontend\src\components\ui\tabs.tsx", "TypeScript JSX", 0, 0, 0, 0, 0, 0, 0, 0, 0, 0, 46, 0, 0, 0, 6, 52
"c:\Users\user\Desktop\项目：简历到offer\prisma-ai\packages\frontend\src\components\ui\textarea.tsx", "TypeScript JSX", 0, 0, 0, 0, 0, 0, 0, 0, 0, 0, 15, 0, 0, 0, 4, 19
"c:\Users\user\Desktop\项目：简历到offer\prisma-ai\packages\frontend\src\components\ui\tooltip.tsx", "TypeScript JSX", 0, 0, 0, 0, 0, 0, 0, 0, 0, 0, 50, 0, 0, 0, 8, 58
"c:\Users\user\Desktop\项目：简历到offer\prisma-ai\packages\frontend\src\hooks\use-mobile.ts", "TypeScript", 0, 0, 0, 0, 15, 0, 0, 0, 0, 0, 0, 0, 0, 0, 5, 20
"c:\Users\user\Desktop\项目：简历到offer\prisma-ai\packages\frontend\src\hooks\useSseAnswer.ts", "TypeScript", 0, 0, 0, 0, 32, 0, 0, 0, 0, 0, 0, 0, 0, 12, 3, 47
"c:\Users\user\Desktop\项目：简历到offer\prisma-ai\packages\frontend\src\index.css", "PostCSS", 0, 0, 0, 0, 0, 0, 0, 0, 0, 0, 0, 269, 0, 14, 18, 301
"c:\Users\user\Desktop\项目：简历到offer\prisma-ai\packages\frontend\src\lib\utils.ts", "TypeScript", 0, 0, 0, 0, 5, 0, 0, 0, 0, 0, 0, 0, 0, 0, 2, 7
"c:\Users\user\Desktop\项目：简历到offer\prisma-ai\packages\frontend\src\main.tsx", "TypeScript JSX", 0, 0, 0, 0, 0, 0, 0, 0, 0, 0, 15, 0, 0, 0, 2, 17
"c:\Users\user\Desktop\项目：简历到offer\prisma-ai\packages\frontend\src\query\config\index.ts", "TypeScript", 0, 0, 0, 0, 96, 0, 0, 0, 0, 0, 0, 0, 0, 31, 4, 131
"c:\Users\user\Desktop\项目：简历到offer\prisma-ai\packages\frontend\src\query\config\useOptimisticMutation.ts", "TypeScript", 0, 0, 0, 0, 28, 0, 0, 0, 0, 0, 0, 0, 0, 5, 3, 36
"c:\Users\user\Desktop\项目：简历到offer\prisma-ai\packages\frontend\src\query\keys.ts", "TypeScript", 0, 0, 0, 0, 14, 0, 0, 0, 0, 0, 0, 0, 0, 0, 2, 16
"c:\Users\user\Desktop\项目：简历到offer\prisma-ai\packages\frontend\src\router\PrivateRoute.tsx", "TypeScript JSX", 0, 0, 0, 0, 0, 0, 0, 0, 0, 0, 14, 0, 0, 0, 4, 18
"c:\Users\user\Desktop\项目：简历到offer\prisma-ai\packages\frontend\src\router\UpdateBreadRouter.tsx", "TypeScript JSX", 0, 0, 0, 0, 0, 0, 0, 0, 0, 0, 20, 0, 0, 5, 5, 30
"c:\Users\user\Desktop\项目：简历到offer\prisma-ai\packages\frontend\src\router\router.tsx", "TypeScript JSX", 0, 0, 0, 0, 0, 0, 0, 0, 0, 0, 196, 0, 0, 9, 7, 212
"c:\Users\user\Desktop\项目：简历到offer\prisma-ai\packages\frontend\src\services\config\index.ts", "TypeScript", 0, 0, 0, 0, 22, 0, 0, 0, 0, 0, 0, 0, 0, 2, 4, 28
"c:\Users\user\Desktop\项目：简历到offer\prisma-ai\packages\frontend\src\services\config\requester.ts", "TypeScript", 0, 0, 0, 0, 101, 0, 0, 0, 0, 0, 0, 0, 0, 24, 13, 138
"c:\Users\user\Desktop\项目：简历到offer\prisma-ai\packages\frontend\src\services\job.ts", "TypeScript", 0, 0, 0, 0, 28, 0, 0, 0, 0, 0, 0, 0, 0, 27, 6, 61
"c:\Users\user\Desktop\项目：简历到offer\prisma-ai\packages\frontend\src\services\login_regist.ts", "TypeScript", 0, 0, 0, 0, 18, 0, 0, 0, 0, 0, 0, 0, 0, 3, 5, 26
"c:\Users\user\Desktop\项目：简历到offer\prisma-ai\packages\frontend\src\services\project.ts", "TypeScript", 0, 0, 0, 0, 51, 0, 0, 0, 0, 0, 0, 0, 0, 33, 6, 90
"c:\Users\user\Desktop\项目：简历到offer\prisma-ai\packages\frontend\src\services\resume.ts", "TypeScript", 0, 0, 0, 0, 32, 0, 0, 0, 0, 0, 0, 0, 0, 27, 6, 65
"c:\Users\user\Desktop\项目：简历到offer\prisma-ai\packages\frontend\src\services\skill.ts", "TypeScript", 0, 0, 0, 0, 27, 0, 0, 0, 0, 0, 0, 0, 0, 25, 6, 58
"c:\Users\user\Desktop\项目：简历到offer\prisma-ai\packages\frontend\src\services\sse.ts", "TypeScript", 0, 0, 0, 0, 155, 0, 0, 0, 0, 0, 0, 0, 0, 49, 24, 228
"c:\Users\user\Desktop\项目：简历到offer\prisma-ai\packages\frontend\src\store\bread-router.ts", "TypeScript", 0, 0, 0, 0, 35, 0, 0, 0, 0, 0, 0, 0, 0, 1, 8, 44
"c:\Users\user\Desktop\项目：简历到offer\prisma-ai\packages\frontend\src\store\index.ts", "TypeScript", 0, 0, 0, 0, 14, 0, 0, 0, 0, 0, 0, 0, 0, 0, 3, 17
"c:\Users\user\Desktop\项目：简历到offer\prisma-ai\packages\frontend\src\store\jobs.ts", "TypeScript", 0, 0, 0, 0, 31, 0, 0, 0, 0, 0, 0, 0, 0, 3, 6, 40
"c:\Users\user\Desktop\项目：简历到offer\prisma-ai\packages\frontend\src\store\projects.ts", "TypeScript", 0, 0, 0, 0, 125, 0, 0, 0, 0, 0, 0, 0, 0, 9, 9, 143
"c:\Users\user\Desktop\项目：简历到offer\prisma-ai\packages\frontend\src\store\resume.ts", "TypeScript", 0, 0, 0, 0, 25, 0, 0, 0, 0, 0, 0, 0, 0, 3, 7, 35
"c:\Users\user\Desktop\项目：简历到offer\prisma-ai\packages\frontend\src\store\skills.ts", "TypeScript", 0, 0, 0, 0, 48, 0, 0, 0, 0, 0, 0, 0, 0, 3, 6, 57
"c:\Users\user\Desktop\项目：简历到offer\prisma-ai\packages\frontend\src\types\styled.d.ts", "TypeScript", 0, 0, 0, 0, 5, 0, 0, 0, 0, 0, 0, 0, 0, 1, 1, 7
"c:\Users\user\Desktop\项目：简历到offer\prisma-ai\packages\frontend\src\utils\lib\utils.ts", "TypeScript", 0, 0, 0, 0, 5, 0, 0, 0, 0, 0, 0, 0, 0, 0, 2, 7
"c:\Users\user\Desktop\项目：简历到offer\prisma-ai\packages\frontend\src\utils\theme.tsx", "TypeScript JSX", 0, 0, 0, 0, 0, 0, 0, 0, 0, 0, 59, 0, 0, 17, 10, 86
"c:\Users\user\Desktop\项目：简历到offer\prisma-ai\packages\frontend\src\views\LoginRegist\LoginRegist.style.ts", "TypeScript", 0, 0, 0, 0, 178, 0, 0, 0, 0, 0, 0, 0, 0, 0, 2, 180
"c:\Users\user\Desktop\项目：简历到offer\prisma-ai\packages\frontend\src\views\LoginRegist\LoginRegist.tsx", "TypeScript JSX", 0, 0, 0, 0, 0, 0, 0, 0, 0, 0, 54, 0, 0, 1, 4, 59
"c:\Users\user\Desktop\项目：简历到offer\prisma-ai\packages\frontend\src\views\LoginRegist\c-cpns\LoginForm.tsx", "TypeScript JSX", 0, 0, 0, 0, 0, 0, 0, 0, 0, 0, 116, 0, 0, 0, 8, 124
"c:\Users\user\Desktop\项目：简历到offer\prisma-ai\packages\frontend\src\views\LoginRegist\c-cpns\RegistForm.tsx", "TypeScript JSX", 0, 0, 0, 0, 0, 0, 0, 0, 0, 0, 142, 0, 0, 0, 10, 152
"c:\Users\user\Desktop\项目：简历到offer\prisma-ai\packages\frontend\src\views\Main\Home\index.tsx", "TypeScript JSX", 0, 0, 0, 0, 0, 0, 0, 0, 0, 0, 0, 0, 0, 0, 1, 1
"c:\Users\user\Desktop\项目：简历到offer\prisma-ai\packages\frontend\src\views\Main\Jobs\JobCreate.tsx", "TypeScript JSX", 0, 0, 0, 0, 0, 0, 0, 0, 0, 0, 5, 0, 0, 0, 3, 8
"c:\Users\user\Desktop\项目：简历到offer\prisma-ai\packages\frontend\src\views\Main\Jobs\JobForm.tsx", "TypeScript JSX", 0, 0, 0, 0, 0, 0, 0, 0, 0, 0, 0, 0, 0, 0, 1, 1
"c:\Users\user\Desktop\项目：简历到offer\prisma-ai\packages\frontend\src\views\Main\Jobs\JobRead.tsx", "TypeScript JSX", 0, 0, 0, 0, 0, 0, 0, 0, 0, 0, 0, 0, 0, 0, 1, 1
"c:\Users\user\Desktop\项目：简历到offer\prisma-ai\packages\frontend\src\views\Main\Jobs\index.tsx", "TypeScript JSX", 0, 0, 0, 0, 0, 0, 0, 0, 0, 0, 5, 0, 0, 0, 3, 8
"c:\Users\user\Desktop\项目：简历到offer\prisma-ai\packages\frontend\src\views\Main\Learn\index.tsx", "TypeScript JSX", 0, 0, 0, 0, 0, 0, 0, 0, 0, 0, 5, 0, 0, 0, 3, 8
"c:\Users\user\Desktop\项目：简历到offer\prisma-ai\packages\frontend\src\views\Main\Projects\Create.tsx", "TypeScript JSX", 0, 0, 0, 0, 0, 0, 0, 0, 0, 0, 77, 0, 0, 4, 8, 89
"c:\Users\user\Desktop\项目：简历到offer\prisma-ai\packages\frontend\src\views\Main\Projects\ProjectCard.tsx", "TypeScript JSX", 0, 0, 0, 0, 0, 0, 0, 0, 0, 0, 101, 0, 0, 20, 9, 130
"c:\Users\user\Desktop\项目：简历到offer\prisma-ai\packages\frontend\src\views\Main\Projects\ProjectForm.tsx", "TypeScript JSX", 0, 0, 0, 0, 0, 0, 0, 0, 0, 0, 333, 0, 0, 20, 29, 382
"c:\Users\user\Desktop\项目：简历到offer\prisma-ai\packages\frontend\src\views\Main\Projects\Read.tsx", "TypeScript JSX", 0, 0, 0, 0, 0, 0, 0, 0, 0, 0, 306, 0, 0, 10, 16, 332
"c:\Users\user\Desktop\项目：简历到offer\prisma-ai\packages\frontend\src\views\Main\Projects\index.tsx", "TypeScript JSX", 0, 0, 0, 0, 0, 0, 0, 0, 0, 0, 138, 0, 0, 0, 11, 149
"c:\Users\user\Desktop\项目：简历到offer\prisma-ai\packages\frontend\src\views\Main\Projects\unused\ChoiceCard.tsx", "TypeScript JSX", 0, 0, 0, 0, 0, 0, 0, 0, 0, 0, 33, 0, 0, 1, 2, 36
"c:\Users\user\Desktop\项目：简历到offer\prisma-ai\packages\frontend\src\views\Main\Projects\unused\CreateChoice.tsx", "TypeScript JSX", 0, 0, 0, 0, 0, 0, 0, 0, 0, 0, 60, 0, 0, 0, 5, 65
"c:\Users\user\Desktop\项目：简历到offer\prisma-ai\packages\frontend\src\views\Main\Resumes\ResumeCreate.tsx", "TypeScript JSX", 0, 0, 0, 0, 0, 0, 0, 0, 0, 0, 21, 0, 0, 0, 5, 26
"c:\Users\user\Desktop\项目：简历到offer\prisma-ai\packages\frontend\src\views\Main\Resumes\ResumeForm.tsx", "TypeScript JSX", 0, 0, 0, 0, 0, 0, 0, 0, 0, 0, 223, 0, 0, 12, 26, 261
"c:\Users\user\Desktop\项目：简历到offer\prisma-ai\packages\frontend\src\views\Main\Resumes\ResumeRead.tsx", "TypeScript JSX", 0, 0, 0, 0, 0, 0, 0, 0, 0, 0, 268, 0, 0, 9, 17, 294
"c:\Users\user\Desktop\项目：简历到offer\prisma-ai\packages\frontend\src\views\Main\Resumes\index.tsx", "TypeScript JSX", 0, 0, 0, 0, 0, 0, 0, 0, 0, 0, 140, 0, 0, 0, 11, 151
"c:\Users\user\Desktop\项目：简历到offer\prisma-ai\packages\frontend\src\views\Main\Skills\SkillCreate.tsx", "TypeScript JSX", 0, 0, 0, 0, 0, 0, 0, 0, 0, 0, 46, 0, 0, 0, 6, 52
"c:\Users\user\Desktop\项目：简历到offer\prisma-ai\packages\frontend\src\views\Main\Skills\SkillForm.tsx", "TypeScript JSX", 0, 0, 0, 0, 0, 0, 0, 0, 0, 0, 232, 0, 0, 24, 34, 290
"c:\Users\user\Desktop\项目：简历到offer\prisma-ai\packages\frontend\src\views\Main\Skills\SkillRead.tsx", "TypeScript JSX", 0, 0, 0, 0, 0, 0, 0, 0, 0, 0, 127, 0, 0, 3, 9, 139
"c:\Users\user\Desktop\项目：简历到offer\prisma-ai\packages\frontend\src\views\Main\Skills\index.tsx", "TypeScript JSX", 0, 0, 0, 0, 0, 0, 0, 0, 0, 0, 146, 0, 0, 0, 11, 157
"c:\Users\user\Desktop\项目：简历到offer\prisma-ai\packages\frontend\src\views\Main\components\Breadcrumb.tsx", "TypeScript JSX", 0, 0, 0, 0, 0, 0, 0, 0, 0, 0, 37, 0, 0, 0, 2, 39
"c:\Users\user\Desktop\项目：简历到offer\prisma-ai\packages\frontend\src\views\Main\components\Editor\Editor.tsx", "TypeScript JSX", 0, 0, 0, 0, 0, 0, 0, 0, 0, 0, 90, 0, 0, 15, 11, 116
"c:\Users\user\Desktop\项目：简历到offer\prisma-ai\packages\frontend\src\views\Main\components\Editor\common-small.css", "PostCSS", 0, 0, 0, 0, 0, 0, 0, 0, 0, 0, 0, 224, 0, 2, 35, 261
"c:\Users\user\Desktop\项目：简历到offer\prisma-ai\packages\frontend\src\views\Main\components\Editor\common.css", "PostCSS", 0, 0, 0, 0, 0, 0, 0, 0, 0, 0, 0, 220, 0, 1, 30, 251
"c:\Users\user\Desktop\项目：简历到offer\prisma-ai\packages\frontend\src\views\Main\components\Editor\index.tsx", "TypeScript JSX", 0, 0, 0, 0, 0, 0, 0, 0, 0, 0, 14, 0, 0, 0, 2, 16
"c:\Users\user\Desktop\项目：简历到offer\prisma-ai\packages\frontend\src\views\Main\components\Editor\theme.css", "PostCSS", 0, 0, 0, 0, 0, 0, 0, 0, 0, 0, 0, 58, 0, 1, 6, 65
"c:\Users\user\Desktop\项目：简历到offer\prisma-ai\packages\frontend\src\views\Main\components\PageHeader.tsx", "TypeScript JSX", 0, 0, 0, 0, 0, 0, 0, 0, 0, 0, 19, 0, 0, 0, 3, 22
"c:\Users\user\Desktop\项目：简历到offer\prisma-ai\packages\frontend\src\views\Main\components\SSEHookDemo.tsx", "TypeScript JSX", 0, 0, 0, 0, 0, 0, 0, 0, 0, 0, 19, 0, 0, 1, 2, 22
"c:\Users\user\Desktop\项目：简历到offer\prisma-ai\packages\frontend\src\views\Main\components\Siderbar\app-sidebar.tsx", "TypeScript JSX", 0, 0, 0, 0, 0, 0, 0, 0, 0, 0, 134, 0, 0, 10, 8, 152
"c:\Users\user\Desktop\项目：简历到offer\prisma-ai\packages\frontend\src\views\Main\components\Siderbar\nav-main.tsx", "TypeScript JSX", 0, 0, 0, 0, 0, 0, 0, 0, 0, 0, 100, 0, 0, 5, 7, 112
"c:\Users\user\Desktop\项目：简历到offer\prisma-ai\packages\frontend\src\views\Main\components\Siderbar\nav-user.tsx", "TypeScript JSX", 0, 0, 0, 0, 0, 0, 0, 0, 0, 0, 99, 0, 0, 0, 5, 104
"c:\Users\user\Desktop\项目：简历到offer\prisma-ai\packages\frontend\src\views\Main\components\Siderbar\team-switcher.tsx", "TypeScript JSX", 0, 0, 0, 0, 0, 0, 0, 0, 0, 0, 83, 0, 0, 1, 6, 90
"c:\Users\user\Desktop\项目：简历到offer\prisma-ai\packages\frontend\src\views\Main\components\ThemeSwitcher.tsx", "TypeScript JSX", 0, 0, 0, 0, 0, 0, 0, 0, 0, 0, 33, 0, 0, 1, 7, 41
"c:\Users\user\Desktop\项目：简历到offer\prisma-ai\packages\frontend\src\views\Main\components\config-data-table\config.type.ts", "TypeScript", 0, 0, 0, 0, 46, 0, 0, 0, 0, 0, 0, 0, 0, 8, 8, 62
"c:\Users\user\Desktop\项目：简历到offer\prisma-ai\packages\frontend\src\views\Main\components\config-data-table\data-table\columns\header.tsx", "TypeScript JSX", 0, 0, 0, 0, 0, 0, 0, 0, 0, 0, 63, 0, 0, 1, 4, 68
"c:\Users\user\Desktop\项目：简历到offer\prisma-ai\packages\frontend\src\views\Main\components\config-data-table\data-table\columns\row-actions.tsx", "TypeScript JSX", 0, 0, 0, 0, 0, 0, 0, 0, 0, 0, 28, 0, 0, 13, 3, 44
"c:\Users\user\Desktop\项目：简历到offer\prisma-ai\packages\frontend\src\views\Main\components\config-data-table\data-table\index.tsx", "TypeScript JSX", 0, 0, 0, 0, 0, 0, 0, 0, 0, 0, 133, 0, 0, 7, 8, 148
"c:\Users\user\Desktop\项目：简历到offer\prisma-ai\packages\frontend\src\views\Main\components\config-data-table\data-table\pagination\index.tsx", "TypeScript JSX", 0, 0, 0, 0, 0, 0, 0, 0, 0, 0, 82, 0, 0, 4, 4, 90
"c:\Users\user\Desktop\项目：简历到offer\prisma-ai\packages\frontend\src\views\Main\components\config-data-table\data-table\toolbar\filter.tsx", "TypeScript JSX", 0, 0, 0, 0, 0, 0, 0, 0, 0, 0, 129, 0, 0, 1, 4, 134
"c:\Users\user\Desktop\项目：简历到offer\prisma-ai\packages\frontend\src\views\Main\components\config-data-table\data-table\toolbar\index.tsx", "TypeScript JSX", 0, 0, 0, 0, 0, 0, 0, 0, 0, 0, 54, 0, 0, 4, 5, 63
"c:\Users\user\Desktop\项目：简历到offer\prisma-ai\packages\frontend\src\views\Main\components\config-data-table\data-table\toolbar\view-options.tsx", "TypeScript JSX", 0, 0, 0, 0, 0, 0, 0, 0, 0, 0, 45, 0, 0, 0, 4, 49
"c:\Users\user\Desktop\项目：简历到offer\prisma-ai\packages\frontend\src\views\Main\components\config-data-table\index.tsx", "TypeScript JSX", 0, 0, 0, 0, 0, 0, 0, 0, 0, 0, 22, 0, 0, 0, 3, 25
"c:\Users\user\Desktop\项目：简历到offer\prisma-ai\packages\frontend\src\views\Main\index.tsx", "TypeScript JSX", 0, 0, 0, 0, 0, 0, 0, 0, 0, 0, 29, 0, 0, 19, 2, 50
"c:\Users\user\Desktop\项目：简历到offer\prisma-ai\packages\frontend\src\views\Main\knowbase\index.tsx", "TypeScript JSX", 0, 0, 0, 0, 0, 0, 0, 0, 0, 0, 5, 0, 0, 0, 3, 8
"c:\Users\user\Desktop\项目：简历到offer\prisma-ai\packages\frontend\src\views\MyTest\Test.tsx", "TypeScript JSX", 0, 0, 0, 0, 0, 0, 0, 0, 0, 0, 9, 0, 0, 0, 3, 12
"c:\Users\user\Desktop\项目：简历到offer\prisma-ai\packages\frontend\src\vite-env.d.ts", "TypeScript", 0, 0, 0, 0, 0, 0, 0, 0, 0, 0, 0, 0, 0, 1, 1, 2
"c:\Users\user\Desktop\项目：简历到offer\prisma-ai\packages\frontend\tsconfig.app.json", "JSON", 29, 0, 0, 0, 0, 0, 0, 0, 0, 0, 0, 0, 0, 3, 4, 36
"c:\Users\user\Desktop\项目：简历到offer\prisma-ai\packages\frontend\tsconfig.json", "JSON with Comments", 0, 0, 0, 0, 0, 13, 0, 0, 0, 0, 0, 0, 0, 0, 1, 14
"c:\Users\user\Desktop\项目：简历到offer\prisma-ai\packages\frontend\tsconfig.node.json", "JSON", 21, 0, 0, 0, 0, 0, 0, 0, 0, 0, 0, 0, 0, 2, 3, 26
"c:\Users\user\Desktop\项目：简历到offer\prisma-ai\packages\frontend\vite.config.ts", "TypeScript", 0, 0, 0, 0, 23, 0, 0, 0, 0, 0, 0, 0, 0, 2, 2, 27
"c:\Users\user\Desktop\项目：简历到offer\prisma-ai\packages\mcp-server\.prettierrc", "JSON", 4, 0, 0, 0, 0, 0, 0, 0, 0, 0, 0, 0, 0, 0, 0, 4
"c:\Users\user\Desktop\项目：简历到offer\prisma-ai\packages\mcp-server\README.md", "Markdown", 0, 0, 0, 0, 0, 0, 0, 146, 0, 0, 0, 0, 0, 0, 61, 207
"c:\Users\user\Desktop\项目：简历到offer\prisma-ai\packages\mcp-server\docs\stateless-mode.md", "Markdown", 0, 0, 0, 0, 0, 0, 0, 83, 0, 0, 0, 0, 0, 0, 31, 114
"c:\Users\user\Desktop\项目：简历到offer\prisma-ai\packages\mcp-server\eslint.config.mjs", "JavaScript", 0, 32, 0, 0, 0, 0, 0, 0, 0, 0, 0, 0, 0, 1, 1, 34
"c:\Users\user\Desktop\项目：简历到offer\prisma-ai\packages\mcp-server\nest-cli.json", "JSON", 8, 0, 0, 0, 0, 0, 0, 0, 0, 0, 0, 0, 0, 0, 1, 9
"c:\Users\user\Desktop\项目：简历到offer\prisma-ai\packages\mcp-server\package.json", "JSON", 77, 0, 0, 0, 0, 0, 0, 0, 0, 0, 0, 0, 0, 0, 1, 78
"c:\Users\user\Desktop\项目：简历到offer\prisma-ai\packages\mcp-server\src\app.module.ts", "TypeScript", 0, 0, 0, 0, 8, 0, 0, 0, 0, 0, 0, 0, 0, 0, 2, 10
"c:\Users\user\Desktop\项目：简历到offer\prisma-ai\packages\mcp-server\src\main.ts", "TypeScript", 0, 0, 0, 0, 11, 0, 0, 0, 0, 0, 0, 0, 0, 6, 5, 22
"c:\Users\user\Desktop\项目：简历到offer\prisma-ai\packages\mcp-server\src\mcp\mcp-server.module.ts", "TypeScript", 0, 0, 0, 0, 7, 0, 0, 0, 0, 0, 0, 0, 0, 4, 2, 13
"c:\Users\user\Desktop\项目：简历到offer\prisma-ai\packages\mcp-server\src\mcp\mcp-server.service.ts", "TypeScript", 0, 0, 0, 0, 109, 0, 0, 0, 0, 0, 0, 0, 0, 32, 14, 155
"c:\Users\user\Desktop\项目：简历到offer\prisma-ai\packages\mcp-server\src\mcp\mcp.controller.ts", "TypeScript", 0, 0, 0, 0, 101, 0, 0, 0, 0, 0, 0, 0, 0, 26, 13, 140
"c:\Users\user\Desktop\项目：简历到offer\prisma-ai\packages\mcp-server\tsconfig.build.json", "JSON", 4, 0, 0, 0, 0, 0, 0, 0, 0, 0, 0, 0, 0, 0, 1, 5
"c:\Users\user\Desktop\项目：简历到offer\prisma-ai\packages\mcp-server\tsconfig.json", "JSON with Comments", 0, 0, 0, 0, 0, 21, 0, 0, 0, 0, 0, 0, 0, 0, 1, 22
"c:\Users\user\Desktop\项目：简历到offer\prisma-ai\packages\shared\dist\index.d.mts", "TypeScript", 0, 0, 0, 0, 601, 0, 0, 0, 0, 0, 0, 0, 0, 40, 15, 656
"c:\Users\user\Desktop\项目：简历到offer\prisma-ai\packages\shared\dist\index.d.ts", "TypeScript", 0, 0, 0, 0, 601, 0, 0, 0, 0, 0, 0, 0, 0, 40, 15, 656
"c:\Users\user\Desktop\项目：简历到offer\prisma-ai\packages\shared\dist\index.js", "JavaScript", 0, 372, 0, 0, 0, 0, 0, 0, 0, 0, 0, 0, 0, 15, 7, 394
"c:\Users\user\Desktop\项目：简历到offer\prisma-ai\packages\shared\dist\index.mjs", "JavaScript", 0, 335, 0, 0, 0, 0, 0, 0, 0, 0, 0, 0, 0, 13, 5, 353
"c:\Users\user\Desktop\项目：简历到offer\prisma-ai\packages\shared\package-lock.json", "JSON", 1937, 0, 0, 0, 0, 0, 0, 0, 0, 0, 0, 0, 0, 0, 1, 1938
"c:\Users\user\Desktop\项目：简历到offer\prisma-ai\packages\shared\package.json", "JSON", 30, 0, 0, 0, 0, 0, 0, 0, 0, 0, 0, 0, 0, 0, 1, 31
"c:\Users\user\Desktop\项目：简历到offer\prisma-ai\packages\shared\src\constant\error.ts", "TypeScript", 0, 0, 0, 0, 39, 0, 0, 0, 0, 0, 0, 0, 0, 10, 5, 54
"c:\Users\user\Desktop\项目：简历到offer\prisma-ai\packages\shared\src\index.ts", "TypeScript", 0, 0, 0, 0, 13, 0, 0, 0, 0, 0, 0, 0, 0, 0, 1, 14
"c:\Users\user\Desktop\项目：简历到offer\prisma-ai\packages\shared\src\types\job.ts", "TypeScript", 0, 0, 0, 0, 28, 0, 0, 0, 0, 0, 0, 0, 0, 14, 5, 47
"c:\Users\user\Desktop\项目：简历到offer\prisma-ai\packages\shared\src\types\loginVerify.ts", "TypeScript", 0, 0, 0, 0, 10, 0, 0, 0, 0, 0, 0, 0, 0, 0, 2, 12
"c:\Users\user\Desktop\项目：简历到offer\prisma-ai\packages\shared\src\types\login_regist.schema.ts", "TypeScript", 0, 0, 0, 0, 29, 0, 0, 0, 0, 0, 0, 0, 0, 0, 5, 34
"c:\Users\user\Desktop\项目：简历到offer\prisma-ai\packages\shared\src\types\login_regist.ts", "TypeScript", 0, 0, 0, 0, 16, 0, 0, 0, 0, 0, 0, 0, 0, 0, 1, 17
"c:\Users\user\Desktop\项目：简历到offer\prisma-ai\packages\shared\src\types\project.schema-form.ts", "TypeScript", 0, 0, 0, 0, 26, 0, 0, 0, 0, 0, 0, 0, 0, 14, 4, 44
"c:\Users\user\Desktop\项目：简历到offer\prisma-ai\packages\shared\src\types\project.schema.ts", "TypeScript", 0, 0, 0, 0, 67, 0, 0, 0, 0, 0, 0, 0, 0, 4, 7, 78
"c:\Users\user\Desktop\项目：简历到offer\prisma-ai\packages\shared\src\types\project.ts", "TypeScript", 0, 0, 0, 0, 29, 0, 0, 0, 0, 0, 0, 0, 0, 3, 12, 44
"c:\Users\user\Desktop\项目：简历到offer\prisma-ai\packages\shared\src\types\resume.ts", "TypeScript", 0, 0, 0, 0, 22, 0, 0, 0, 0, 0, 0, 0, 0, 14, 8, 44
"c:\Users\user\Desktop\项目：简历到offer\prisma-ai\packages\shared\src\types\serverDataFormat.ts", "TypeScript", 0, 0, 0, 0, 5, 0, 0, 0, 0, 0, 0, 0, 0, 1, 3, 9
"c:\Users\user\Desktop\项目：简历到offer\prisma-ai\packages\shared\src\types\skill.ts", "TypeScript", 0, 0, 0, 0, 14, 0, 0, 0, 0, 0, 0, 0, 0, 1, 7, 22
"c:\Users\user\Desktop\项目：简历到offer\prisma-ai\packages\shared\src\types\sse.ts", "TypeScript", 0, 0, 0, 0, 19, 0, 0, 0, 0, 0, 0, 0, 0, 2, 1, 22
"c:\Users\user\Desktop\项目：简历到offer\prisma-ai\packages\shared\src\utils\md_json.ts", "TypeScript", 0, 0, 0, 0, 157, 0, 0, 0, 0, 0, 0, 0, 0, 37, 31, 225
"c:\Users\user\Desktop\项目：简历到offer\prisma-ai\packages\shared\tsconfig.json", "JSON with Comments", 0, 0, 0, 0, 0, 16, 0, 0, 0, 0, 0, 0, 0, 0, 0, 16
"c:\Users\user\Desktop\项目：简历到offer\prisma-ai\packages\shared\tsup.config.ts", "TypeScript", 0, 0, 0, 0, 10, 0, 0, 0, 0, 0, 0, 0, 0, 0, 2, 12
"c:\Users\user\Desktop\项目：简历到offer\prisma-ai\pnpm-lock.yaml", "YAML", 0, 0, 20179, 0, 0, 0, 0, 0, 0, 0, 0, 0, 0, 0, 4758, 24937
"c:\Users\user\Desktop\项目：简历到offer\prisma-ai\pnpm-workspace.yaml", "YAML", 0, 0, 2, 0, 0, 0, 0, 0, 0, 0, 0, 0, 0, 0, 1, 3
"c:\Users\user\Desktop\项目：简历到offer\prisma-ai\scripts\create-dependency-graph.js", "JavaScript", 0, 21, 0, 0, 0, 0, 0, 0, 0, 0, 0, 0, 0, 1, 2, 24
"c:\Users\user\Desktop\项目：简历到offer\prisma-ai\scripts\dependency-graph.svg", "XML", 0, 0, 0, 1415, 0, 0, 0, 0, 0, 0, 0, 0, 0, 284, 1, 1700
"Total", "-", 2386, 834, 20290, 1417, 8331, 71, 30, 343, 72, 22, 6877, 771, 21, 2589, 6847, 50901